{"cameraMode":{"drawMode":0,"name":"Shaded","section":"Shading Mode"},"sceneLighting":true,"audioPlay":false,"sceneViewState":{"showFog":false,"showMaterialUpdate":false,"showSkybox":false,"showFlares":false,"showImageEffects":false,"showParticleSystems":false},"in2DMode":false,"pivot":{"x":372.3121643066406,"y":-1.672563076019287,"z":485.0216064453125},"rotation":{"x":-0.29270192980766299,"y":0.658211886882782,"z":-0.31071868538856509,"w":-0.6202289462089539},"size":8.83452320098877,"orthographic":false}